Temperature,Humidity,Light,Moisture,Growth Condition
20,71,562,212,GOOD
32,55,751,986,NOT GOOD
22,45,110,76,GOOD
27,80,358,781,MODERATE
17,68,303,160,GOOD
20,54,770,851,MODERATE
21,49,923,969,NOT GOOD
20,50,472,764,GOOD
31,76,88,122,MODERATE
22,45,792,865,NOT GOOD
19,75,997,645,NOT GOOD
30,63,547,746,GOOD
22,65,805,567,GOOD
32,67,632,689,MODERATE
31,63,874,922,NOT GOOD
18,55,568,963,MODERATE
19,71,988,653,GOOD
16,57,914,836,NOT GOOD
25,59,654,800,MODERATE
23,69,759,62,GOOD
29,51,827,303,GOOD
16,43,174,340,MODERATE
21,64,581,410,GOOD
22,67,710,895,MODERATE
22,54,731,436,GOOD
28,75,398,421,GOOD
26,71,557,66,GOOD
18,80,344,716,NOT GOOD
33,42,261,176,GOOD
15,55,95,523,GOOD
33,70,649,955,NOT GOOD
28,44,178,252,GOOD
33,47,788,234,NOT GOOD
18,74,99,160,MODERATE
34,57,429,967,MODERATE
32,52,536,827,MODERATE
25,50,828,737,GOOD
22,69,962,707,MODERATE
17,64,66,643,GOOD
17,50,941,723,NOT GOOD
30,67,411,862,GOOD
30,80,628,388,MODERATE
35,47,871,470,NOT GOOD
32,48,596,66,MODERATE
30,68,235,292,GOOD
27,65,451,284,GOOD
24,69,486,665,GOOD
31,56,554,425,GOOD
33,43,665,362,NOT GOOD
20,62,1016,908,MODERATE
21,53,706,517,GOOD
34,60,102,404,GOOD
24,74,706,883,NOT GOOD
31,67,65,780,MODERATE
16,53,560,759,GOOD
20,56,226,214,GOOD
23,61,955,960,MODERATE
25,56,224,280,GOOD
15,62,158,287,GOOD
19,43,599,100,MODERATE
23,75,510,130,GOOD
35,59,430,338,GOOD
22,41,147,276,GOOD
34,64,117,513,GOOD
28,49,654,693,MODERATE
15,46,301,452,MODERATE
29,52,121,511,GOOD
19,73,658,468,NOT GOOD
25,40,52,206,GOOD
24,64,681,924,MODERATE
18,64,695,70,MODERATE
17,69,856,288,MODERATE
19,52,532,732,MODERATE
26,62,935,572,GOOD
15,56,293,344,GOOD
18,40,258,709,NOT GOOD
15,78,297,520,MODERATE
24,57,91,269,GOOD
19,64,621,482,MODERATE
18,68,800,314,MODERATE
34,58,277,487,GOOD
26,78,141,601,GOOD
27,41,116,85,GOOD
34,67,560,850,MODERATE
32,71,1004,184,NOT GOOD
16,49,804,193,NOT GOOD
31,73,460,738,NOT GOOD
21,59,404,566,GOOD
19,63,60,440,GOOD
15,51,376,616,GOOD
20,70,826,303,GOOD
19,45,913,486,NOT GOOD
32,61,275,674,GOOD
27,79,811,376,MODERATE
26,65,818,341,GOOD
16,74,353,448,MODERATE
25,64,685,781,MODERATE
29,46,935,779,NOT GOOD
29,68,285,824,GOOD
23,59,169,673,GOOD
27,69,442,141,GOOD
24,58,340,475,GOOD
23,61,807,780,MODERATE
18,52,204,860,MODERATE
26,66,375,347,GOOD
33,56,931,490,MODERATE
21,65,498,697,GOOD
32,43,94,898,NOT GOOD
31,43,1024,518,NOT GOOD
34,63,546,185,GOOD
29,79,196,58,GOOD
31,50,408,374,GOOD
19,62,640,298,MODERATE
22,61,638,394,GOOD
20,76,692,108,MODERATE
35,48,904,312,NOT GOOD
15,58,821,213,MODERATE
27,48,1015,274,MODERATE
28,60,408,779,GOOD
22,77,852,599,MODERATE
21,53,537,383,GOOD
30,77,269,440,GOOD
34,57,288,294,GOOD
24,56,410,613,GOOD
27,54,413,161,GOOD
22,62,893,708,MODERATE
19,77,263,651,MODERATE
21,75,306,447,MODERATE
33,69,1005,365,MODERATE
26,64,455,871,GOOD
18,80,867,364,NOT GOOD
20,72,432,640,GOOD
16,46,232,655,MODERATE
31,61,213,238,GOOD
25,55,274,379,GOOD
20,64,178,727,GOOD
20,62,70,976,GOOD
16,79,934,71,NOT GOOD
28,59,78,407,GOOD
31,52,302,369,GOOD
33,69,234,524,GOOD
32,75,957,227,NOT GOOD
18,73,747,842,NOT GOOD
26,71,734,712,NOT GOOD
27,61,818,728,MODERATE
20,70,464,935,GOOD
19,42,346,939,NOT GOOD
19,68,643,439,MODERATE
26,77,509,556,GOOD
24,44,711,896,NOT GOOD
23,53,359,934,GOOD
33,73,803,987,NOT GOOD
20,67,742,329,GOOD
32,65,686,939,NOT GOOD
33,64,160,287,GOOD
15,57,965,553,MODERATE
23,49,397,142,GOOD
18,49,616,118,NOT GOOD
17,58,509,272,GOOD
18,69,951,428,MODERATE
30,71,831,971,NOT GOOD
29,75,538,912,MODERATE
18,49,436,693,MODERATE
19,58,382,479,GOOD
22,71,902,142,MODERATE
25,66,834,177,GOOD
21,74,143,153,GOOD
32,58,728,253,MODERATE
32,65,81,194,GOOD
27,56,101,988,GOOD
18,60,161,188,GOOD
31,59,311,787,MODERATE
35,49,631,210,NOT GOOD
16,69,899,712,NOT GOOD
32,48,968,253,NOT GOOD
24,55,97,942,GOOD
20,46,915,236,MODERATE
29,73,660,50,MODERATE
26,53,246,443,GOOD
35,73,58,629,MODERATE
29,40,699,768,NOT GOOD
28,69,259,592,GOOD
25,50,291,914,GOOD
30,76,74,820,MODERATE
20,53,885,459,MODERATE
20,70,203,549,GOOD
25,40,580,99,GOOD
32,72,192,507,MODERATE
21,54,745,601,GOOD
26,62,850,552,GOOD
26,57,769,195,GOOD
22,53,898,394,GOOD
28,69,905,855,MODERATE
17,53,473,173,GOOD
34,65,1001,564,MODERATE
21,56,467,749,GOOD
33,76,911,151,NOT GOOD
23,78,731,233,MODERATE
29,54,745,624,MODERATE
26,65,110,306,MODERATE
21,70,689,739,NOT GOOD
25,65,694,538,MODERATE
35,59,785,286,MODERATE
31,65,76,327,GOOD
16,76,399,434,MODERATE
18,45,972,540,NOT GOOD
21,72,704,328,MODERATE
18,63,106,799,MODERATE
19,69,790,938,NOT GOOD
22,51,403,906,GOOD
18,49,1004,346,NOT GOOD
25,68,253,744,GOOD
28,61,301,390,GOOD
32,69,894,53,MODERATE
20,79,404,333,GOOD
15,74,928,786,NOT GOOD
18,67,288,206,GOOD
27,80,701,460,MODERATE
30,53,408,973,GOOD
29,45,358,221,GOOD
17,52,713,460,MODERATE
17,49,875,186,NOT GOOD
20,56,787,93,GOOD
33,62,878,571,MODERATE
24,63,679,705,MODERATE
16,75,387,369,NOT GOOD
23,53,826,500,GOOD
30,41,914,429,NOT GOOD
24,63,547,706,GOOD
28,68,62,248,GOOD
24,52,683,228,GOOD
16,62,226,352,GOOD
15,68,97,968,MODERATE
20,40,724,467,MODERATE
24,52,527,923,GOOD
19,65,63,773,MODERATE
15,47,806,519,NOT GOOD
27,44,790,150,NOT GOOD
29,65,284,84,GOOD
21,65,818,800,MODERATE
28,46,958,405,MODERATE
34,46,935,320,NOT GOOD
27,80,973,758,NOT GOOD
23,74,170,976,MODERATE
17,66,378,793,MODERATE
27,40,806,889,NOT GOOD
27,78,619,687,MODERATE
22,73,1003,153,MODERATE
32,78,767,674,MODERATE
26,62,945,484,GOOD
32,56,71,608,GOOD
19,54,574,467,GOOD
33,80,395,65,MODERATE
27,51,104,805,GOOD
27,74,905,208,MODERATE
29,48,568,208,GOOD
31,73,981,382,MODERATE
32,68,127,404,GOOD
29,62,581,741,MODERATE
28,52,494,714,MODERATE
35,52,964,447,GOOD
29,68,1015,155,GOOD
32,78,755,197,NOT GOOD
20,80,572,800,MODERATE
24,42,916,733,NOT GOOD
33,41,92,50,MODERATE
16,77,656,108,NOT GOOD
30,55,383,342,GOOD
30,56,407,633,GOOD
21,48,418,421,GOOD
20,71,107,774,MODERATE
25,70,467,491,GOOD
19,65,219,321,GOOD
18,45,287,89,MODERATE
25,49,221,809,MODERATE
30,80,239,683,GOOD
24,57,734,631,GOOD
24,63,127,771,GOOD
29,57,497,54,GOOD
22,57,59,770,GOOD
34,80,630,468,NOT GOOD
35,61,247,693,GOOD
20,58,66,507,GOOD
33,72,490,955,NOT GOOD
17,45,631,581,NOT GOOD
15,73,740,91,NOT GOOD
25,45,239,80,GOOD
25,43,782,946,NOT GOOD
32,53,951,814,NOT GOOD
20,57,686,248,GOOD
31,64,804,556,MODERATE
32,74,681,121,NOT GOOD
15,75,539,329,MODERATE
27,52,802,729,MODERATE
31,72,64,407,MODERATE
23,66,966,416,GOOD
21,47,1019,278,MODERATE
23,68,766,860,MODERATE
21,46,845,736,NOT GOOD
18,58,54,432,GOOD
34,61,864,411,MODERATE
21,79,935,144,MODERATE
16,67,888,977,NOT GOOD
15,68,286,492,GOOD
26,47,1003,94,MODERATE
15,50,174,571,MODERATE
25,65,596,919,GOOD
25,48,983,644,GOOD
19,58,594,993,MODERATE
18,78,210,817,NOT GOOD
16,71,231,605,MODERATE
27,72,66,247,GOOD
20,48,670,709,NOT GOOD
34,75,283,119,MODERATE
32,52,509,152,GOOD
16,58,486,943,MODERATE
30,80,282,151,GOOD
34,54,775,871,NOT GOOD
25,47,548,629,GOOD
20,62,146,79,GOOD
25,40,665,906,NOT GOOD
34,49,432,212,MODERATE
22,65,702,958,MODERATE
28,76,467,928,MODERATE
29,53,131,770,GOOD
23,43,1017,961,NOT GOOD
28,46,730,227,MODERATE
33,65,93,804,MODERATE
18,40,729,469,NOT GOOD
17,55,931,548,NOT GOOD
22,60,815,514,GOOD
17,55,824,224,MODERATE
20,40,539,377,GOOD
35,73,173,948,NOT GOOD
30,47,1018,894,NOT GOOD
18,58,422,911,MODERATE
33,54,673,550,MODERATE
30,40,114,777,MODERATE
19,49,879,449,NOT GOOD
15,75,854,489,NOT GOOD
29,67,863,376,GOOD
24,65,62,205,GOOD
19,56,694,420,GOOD
20,68,963,167,GOOD
28,56,133,803,GOOD
16,50,419,785,MODERATE
17,73,484,559,MODERATE
27,58,512,731,GOOD
19,44,994,142,NOT GOOD
16,74,379,985,NOT GOOD
22,42,274,333,GOOD
23,77,566,885,MODERATE
29,76,575,959,MODERATE
29,44,612,223,MODERATE
25,70,588,256,GOOD
27,73,275,903,MODERATE
15,45,678,302,NOT GOOD
19,57,574,118,GOOD
15,54,652,440,MODERATE
16,63,706,788,NOT GOOD
27,43,913,630,MODERATE
16,68,944,506,MODERATE
27,51,455,753,GOOD
21,77,279,58,GOOD
22,48,126,742,MODERATE
35,61,327,150,GOOD
16,53,506,134,GOOD
29,80,609,613,MODERATE
29,54,669,582,GOOD
34,67,362,855,MODERATE
24,55,683,477,MODERATE
34,58,699,567,MODERATE
27,76,486,345,GOOD
29,61,614,535,GOOD
30,49,465,608,GOOD
23,71,559,969,MODERATE
17,62,431,934,GOOD
30,73,390,297,GOOD
27,61,798,657,GOOD
35,42,516,123,MODERATE
30,67,167,799,GOOD
20,49,265,382,GOOD
17,45,849,617,NOT GOOD
29,50,541,963,GOOD
18,61,732,388,MODERATE
18,52,475,957,MODERATE
23,51,447,78,GOOD
27,59,306,828,GOOD
27,58,631,291,GOOD
34,60,455,561,GOOD
31,79,661,718,NOT GOOD
33,76,694,499,NOT GOOD
23,68,672,415,MODERATE
20,43,778,827,NOT GOOD
24,68,64,343,GOOD
17,43,71,579,MODERATE
27,57,680,281,GOOD
26,44,480,491,GOOD
22,63,914,819,MODERATE
32,77,596,421,MODERATE
21,70,599,816,GOOD
23,78,309,342,GOOD
19,42,909,332,NOT GOOD
29,75,348,869,MODERATE
30,43,273,436,GOOD
29,59,76,731,GOOD
21,62,369,495,GOOD
32,43,246,406,MODERATE
25,67,657,675,GOOD
23,73,594,606,GOOD
21,73,730,408,MODERATE
27,47,612,413,MODERATE
20,64,729,876,MODERATE
25,55,935,581,GOOD
32,45,86,844,NOT GOOD
27,78,181,121,GOOD
28,50,656,156,GOOD
19,47,953,505,NOT GOOD
35,59,1000,573,MODERATE
28,79,580,672,GOOD
22,67,110,159,GOOD
32,70,669,549,MODERATE
29,70,476,257,GOOD
19,69,1020,377,MODERATE
27,45,459,564,GOOD
32,75,935,363,NOT GOOD
30,43,795,566,MODERATE
33,43,337,776,NOT GOOD
29,54,256,626,GOOD
30,74,985,649,MODERATE
25,42,818,963,NOT GOOD
18,56,108,595,GOOD
19,61,274,385,GOOD
28,41,643,785,NOT GOOD
22,75,187,506,GOOD
29,40,288,254,GOOD
21,65,498,567,GOOD
30,65,998,202,GOOD
29,46,954,382,MODERATE
28,48,472,118,GOOD
28,80,456,505,GOOD
20,71,474,841,MODERATE
26,72,287,347,GOOD
31,50,579,87,GOOD
15,52,117,526,GOOD
18,54,767,910,NOT GOOD
21,46,998,660,MODERATE
27,45,242,436,GOOD
27,73,124,933,MODERATE
30,44,71,519,GOOD
28,70,98,683,GOOD
26,67,987,443,GOOD
21,67,722,945,MODERATE
30,77,321,675,MODERATE
17,42,397,673,MODERATE
33,73,159,706,NOT GOOD
17,73,755,419,NOT GOOD
35,59,445,94,GOOD
27,54,370,642,GOOD
28,58,771,458,GOOD
21,61,132,64,GOOD
15,51,954,447,MODERATE
29,53,773,558,GOOD
19,64,559,401,GOOD
16,49,754,768,NOT GOOD
23,71,989,182,MODERATE
33,71,473,932,NOT GOOD
33,69,512,543,GOOD
18,61,773,384,MODERATE
34,55,317,335,GOOD
34,42,888,908,NOT GOOD
24,71,67,59,GOOD
33,72,187,512,MODERATE
25,73,288,483,GOOD
33,76,981,179,NOT GOOD
25,71,673,477,MODERATE
24,58,706,771,MODERATE
30,54,836,564,GOOD
23,76,282,472,GOOD
22,50,715,196,GOOD
17,52,202,799,MODERATE
26,66,103,736,MODERATE
25,66,522,233,GOOD
18,60,188,836,MODERATE
31,77,577,725,NOT GOOD
25,79,111,615,GOOD
16,47,165,403,MODERATE
33,47,431,332,MODERATE
16,52,538,857,MODERATE
23,56,237,452,GOOD
15,40,651,946,NOT GOOD
24,77,314,299,GOOD
25,41,523,640,GOOD
34,64,670,841,NOT GOOD
34,62,864,469,MODERATE
30,56,69,244,GOOD
32,40,907,271,NOT GOOD
18,70,426,504,GOOD
27,80,787,541,MODERATE
25,59,947,262,GOOD
35,42,961,699,NOT GOOD
31,76,543,259,MODERATE
26,76,109,768,MODERATE
30,61,73,430,GOOD
20,64,742,603,GOOD
32,64,387,855,MODERATE
30,48,316,266,GOOD
19,47,142,73,MODERATE
22,40,802,896,NOT GOOD
26,43,1009,170,MODERATE
34,42,858,917,NOT GOOD
27,47,533,654,GOOD
24,54,915,190,GOOD
24,73,940,759,NOT GOOD
29,55,573,78,GOOD
21,56,267,487,GOOD
28,65,63,942,GOOD
17,45,643,801,NOT GOOD
35,54,606,188,MODERATE
15,78,210,594,NOT GOOD
33,41,937,382,NOT GOOD
16,42,690,934,NOT GOOD
33,50,873,849,NOT GOOD
33,57,295,364,GOOD
20,54,577,772,GOOD
29,56,415,56,GOOD
15,56,952,295,MODERATE
35,78,876,778,NOT GOOD
16,56,987,978,NOT GOOD
29,79,876,743,NOT GOOD
26,76,557,915,MODERATE
30,47,298,752,MODERATE
28,66,1014,66,GOOD
16,48,296,324,MODERATE
29,58,947,701,MODERATE
20,80,458,627,GOOD
34,72,671,78,NOT GOOD
27,72,825,828,NOT GOOD
17,44,596,504,MODERATE
30,79,487,54,GOOD
16,64,717,523,MODERATE
22,63,886,412,GOOD
22,50,761,711,MODERATE
25,41,152,254,GOOD
15,57,154,634,GOOD
15,75,672,856,NOT GOOD
25,66,127,824,GOOD
24,45,580,825,MODERATE
35,69,256,957,MODERATE
20,69,888,710,MODERATE
30,73,722,224,MODERATE
20,48,660,909,NOT GOOD
21,58,1001,149,GOOD
24,68,542,794,GOOD
15,60,589,633,GOOD
27,54,398,917,GOOD
15,57,882,608,MODERATE
19,78,580,353,MODERATE
30,44,766,451,MODERATE
18,43,788,764,NOT GOOD
20,61,638,869,MODERATE
17,56,629,182,MODERATE
22,48,684,846,NOT GOOD
18,74,1005,820,NOT GOOD
21,46,551,210,GOOD
16,71,805,315,NOT GOOD
33,56,134,130,GOOD
32,42,620,367,NOT GOOD
19,61,960,62,MODERATE
31,64,798,993,NOT GOOD
15,44,841,416,NOT GOOD
28,57,923,306,GOOD
35,80,159,151,MODERATE
22,65,604,296,GOOD
22,69,199,413,GOOD
29,67,695,605,GOOD
33,74,731,586,NOT GOOD
18,62,538,85,GOOD
24,45,465,534,GOOD
33,78,700,914,NOT GOOD
16,54,151,433,GOOD
29,71,699,945,NOT GOOD
25,59,504,144,GOOD
35,76,1009,757,NOT GOOD
16,47,371,926,NOT GOOD
28,78,693,868,NOT GOOD
20,75,391,464,GOOD
31,68,729,993,NOT GOOD
33,73,918,488,NOT GOOD
23,55,926,656,GOOD
29,47,56,394,GOOD
32,46,703,812,NOT GOOD
32,61,494,221,GOOD
32,78,198,386,MODERATE
32,70,825,836,NOT GOOD
19,46,237,704,NOT GOOD
15,72,502,857,NOT GOOD
19,45,198,970,NOT GOOD
22,41,279,506,GOOD
30,62,987,269,GOOD
23,59,831,756,MODERATE
16,71,351,733,NOT GOOD
16,48,642,673,NOT GOOD
26,67,750,141,GOOD
16,54,913,587,MODERATE
25,50,280,878,GOOD
21,41,533,543,GOOD
23,45,784,186,MODERATE
32,63,772,742,NOT GOOD
28,67,326,511,GOOD
35,71,256,388,MODERATE
17,76,505,760,NOT GOOD
29,71,999,995,NOT GOOD
30,54,51,524,GOOD
17,66,914,125,MODERATE
33,45,118,137,MODERATE
25,64,592,117,GOOD
18,43,489,373,MODERATE
26,67,348,903,GOOD
16,40,843,772,NOT GOOD
16,45,745,735,NOT GOOD
19,64,863,610,MODERATE
31,66,531,540,GOOD
34,41,313,484,MODERATE
26,67,656,262,GOOD
28,59,787,874,MODERATE
24,44,413,481,GOOD
35,74,827,382,MODERATE
16,40,402,267,MODERATE
22,55,474,255,GOOD
35,67,974,128,MODERATE
15,46,99,840,NOT GOOD
30,43,361,955,MODERATE
21,45,988,765,NOT GOOD
31,76,460,767,NOT GOOD
22,46,976,394,MODERATE
28,41,286,507,GOOD
34,59,1018,978,NOT GOOD
15,56,103,784,MODERATE
29,47,526,406,GOOD
33,50,586,864,MODERATE
31,57,753,391,MODERATE
28,63,211,412,GOOD
26,61,406,598,GOOD
16,45,888,584,NOT GOOD
35,69,701,897,NOT GOOD
26,48,437,784,MODERATE
24,43,234,985,MODERATE
35,45,130,52,MODERATE
29,72,979,176,MODERATE
19,67,174,548,GOOD
31,56,240,236,GOOD
26,69,138,130,GOOD
25,79,725,351,MODERATE
23,47,945,910,NOT GOOD
35,64,627,836,NOT GOOD
31,54,895,575,MODERATE
35,65,791,649,MODERATE
18,46,335,589,MODERATE
26,47,632,741,NOT GOOD
27,66,524,903,GOOD
32,51,278,671,GOOD
25,80,325,877,MODERATE
27,52,982,687,GOOD
17,46,783,841,NOT GOOD
24,50,421,305,GOOD
20,61,755,771,MODERATE
21,70,465,216,GOOD
35,58,698,895,NOT GOOD
33,57,200,248,GOOD
34,46,861,418,NOT GOOD
26,61,865,605,GOOD
34,49,965,129,NOT GOOD
30,73,778,904,NOT GOOD
33,48,268,498,MODERATE
35,57,505,741,MODERATE
23,50,204,92,GOOD
26,71,552,373,GOOD
19,50,920,504,MODERATE
32,42,684,564,NOT GOOD
18,42,432,414,MODERATE
24,54,580,906,GOOD
25,50,808,975,MODERATE
17,54,688,83,MODERATE
33,40,963,390,NOT GOOD
26,74,941,257,MODERATE
29,42,958,345,MODERATE
17,69,309,620,GOOD
24,55,777,496,GOOD
32,45,939,598,NOT GOOD
31,73,831,949,NOT GOOD
35,53,394,191,GOOD
29,73,874,537,MODERATE
29,80,741,452,MODERATE
20,51,623,651,GOOD
16,65,846,492,MODERATE
29,57,722,947,MODERATE
17,61,436,773,MODERATE
25,46,890,299,MODERATE
27,64,647,940,MODERATE
26,56,559,139,GOOD
28,42,638,736,NOT GOOD
31,62,224,202,MODERATE
27,53,499,718,GOOD
31,55,880,364,MODERATE
34,59,725,470,MODERATE
32,55,692,150,MODERATE
27,44,426,961,MODERATE
35,74,168,116,MODERATE
35,54,94,811,MODERATE
25,47,353,812,MODERATE
28,64,648,551,GOOD
21,57,295,96,GOOD
29,62,580,78,GOOD
24,74,887,976,NOT GOOD
35,74,983,895,NOT GOOD
32,42,219,183,MODERATE
22,41,296,306,GOOD
33,58,298,974,MODERATE
17,49,872,129,NOT GOOD
32,80,860,927,NOT GOOD
25,47,106,97,GOOD
17,44,1014,988,NOT GOOD
23,68,667,129,GOOD
21,77,568,953,MODERATE
32,46,912,325,NOT GOOD
29,60,626,688,GOOD
17,58,144,674,GOOD
25,46,916,538,MODERATE
21,68,639,85,GOOD
35,80,839,834,NOT GOOD
15,55,513,75,GOOD
18,43,126,211,MODERATE
29,42,452,408,GOOD
27,70,797,356,GOOD
16,57,59,170,GOOD
15,65,137,141,GOOD
32,65,196,196,GOOD
33,80,964,661,NOT GOOD
31,48,840,971,NOT GOOD
16,71,534,666,MODERATE
27,45,108,146,GOOD
15,57,407,598,GOOD
22,74,289,76,GOOD
27,59,693,971,MODERATE
31,79,289,986,NOT GOOD
17,74,765,955,NOT GOOD
35,48,598,965,NOT GOOD
35,43,547,739,NOT GOOD
21,43,888,431,MODERATE
26,76,254,772,MODERATE
21,56,440,821,GOOD
20,45,531,581,MODERATE
25,78,913,933,NOT GOOD
24,42,651,125,MODERATE
25,47,153,250,GOOD
16,71,1023,504,NOT GOOD
16,40,598,536,MODERATE
18,78,381,511,MODERATE
31,58,205,188,GOOD
26,52,771,76,GOOD
24,56,403,345,GOOD
31,55,271,482,GOOD
23,50,973,744,MODERATE
27,41,914,290,MODERATE
23,61,463,100,GOOD
35,70,910,607,MODERATE
32,43,696,168,NOT GOOD
20,46,691,536,MODERATE
35,59,278,227,GOOD
22,49,546,999,GOOD
30,72,880,269,MODERATE
32,70,362,486,GOOD
17,63,880,355,GOOD
28,77,920,814,NOT GOOD
35,55,863,191,NOT GOOD
16,60,103,671,MODERATE
32,74,780,174,NOT GOOD
34,64,817,432,MODERATE
22,75,323,962,NOT GOOD
30,48,687,106,MODERATE
27,80,1006,896,NOT GOOD
15,78,747,572,NOT GOOD
28,64,341,377,GOOD
29,43,1000,645,MODERATE
15,54,245,355,GOOD
27,44,185,439,GOOD
17,61,690,834,NOT GOOD
33,50,473,178,GOOD
35,69,839,443,MODERATE
26,64,446,116,GOOD
35,41,526,291,MODERATE
20,49,936,870,NOT GOOD
31,42,880,455,NOT GOOD
27,78,927,91,MODERATE
17,67,173,465,GOOD
28,41,257,657,GOOD
30,61,62,715,GOOD
20,56,864,305,GOOD
27,69,812,60,GOOD
33,55,91,265,GOOD
23,51,831,578,GOOD
20,78,419,73,GOOD
18,79,992,205,MODERATE
33,77,518,273,GOOD
28,66,831,83,GOOD
33,69,787,590,MODERATE
33,80,182,393,MODERATE
26,64,162,738,GOOD
17,57,829,540,MODERATE
18,65,403,202,GOOD
15,71,706,335,NOT GOOD
26,45,161,751,MODERATE
17,60,359,396,GOOD
33,66,163,980,MODERATE
34,63,247,247,GOOD
27,43,546,892,MODERATE
15,45,729,77,NOT GOOD
17,40,217,352,MODERATE
34,62,779,111,NOT GOOD
16,74,416,866,NOT GOOD
30,68,699,60,GOOD
31,57,483,968,MODERATE
35,75,612,372,NOT GOOD
21,45,985,695,MODERATE
23,73,706,878,NOT GOOD
33,53,553,918,MODERATE
25,62,473,98,GOOD
20,78,842,162,MODERATE
32,76,831,838,NOT GOOD
24,45,540,127,GOOD
31,72,169,926,NOT GOOD
28,72,405,225,GOOD
26,73,662,330,MODERATE
34,64,998,657,MODERATE
19,49,739,730,NOT GOOD
25,66,952,495,GOOD
26,43,864,924,NOT GOOD
29,50,330,558,GOOD
23,80,417,898,MODERATE
31,57,1022,92,MODERATE
29,76,895,996,NOT GOOD
22,41,554,857,MODERATE
24,76,281,966,MODERATE
30,47,975,964,NOT GOOD
32,74,172,615,MODERATE
28,48,813,76,MODERATE
22,55,610,451,GOOD
34,77,592,219,MODERATE
20,73,68,532,GOOD
23,76,101,913,MODERATE
32,47,776,813,NOT GOOD
17,44,633,366,NOT GOOD
22,71,459,919,MODERATE
32,77,229,758,NOT GOOD
21,44,414,200,GOOD
16,42,849,118,NOT GOOD
30,64,805,145,MODERATE
22,46,820,163,GOOD
26,50,193,270,GOOD
18,55,345,985,MODERATE
35,79,577,443,MODERATE
21,42,701,332,MODERATE
30,55,828,838,MODERATE
35,70,561,160,GOOD
21,73,503,186,GOOD
23,43,654,645,MODERATE
32,69,200,974,MODERATE
30,79,388,464,GOOD
22,79,834,328,MODERATE
17,78,121,829,NOT GOOD
27,44,239,400,GOOD
15,66,853,617,MODERATE
24,76,547,211,GOOD
16,45,147,96,MODERATE
28,59,631,563,GOOD
34,73,629,176,NOT GOOD
26,67,247,159,GOOD
35,51,570,593,GOOD
35,49,891,884,NOT GOOD
23,43,167,345,GOOD
20,69,142,297,GOOD
30,54,773,654,GOOD
22,60,767,145,GOOD
28,63,352,918,GOOD
20,52,309,132,GOOD
35,46,487,460,GOOD
24,78,922,853,NOT GOOD
18,76,857,166,NOT GOOD
34,43,591,961,NOT GOOD
24,50,408,447,GOOD
25,68,252,393,GOOD
31,71,1023,773,NOT GOOD
28,45,605,417,MODERATE
34,64,772,375,MODERATE
23,66,182,338,GOOD
30,66,987,734,MODERATE
26,46,560,990,MODERATE
26,68,793,571,GOOD
30,40,615,132,MODERATE
29,75,1008,268,GOOD
27,50,631,697,GOOD
32,64,483,584,GOOD
31,51,964,148,MODERATE
22,50,443,635,GOOD
22,79,653,597,MODERATE
24,54,814,926,MODERATE
30,71,566,314,GOOD
28,74,548,80,GOOD
20,76,72,896,MODERATE
27,70,84,821,MODERATE
33,70,544,397,GOOD
20,61,475,849,GOOD
17,69,148,766,GOOD
20,75,568,722,MODERATE
34,79,446,738,NOT GOOD
18,79,295,256,MODERATE
20,50,441,879,GOOD
32,54,829,882,NOT GOOD
20,61,67,641,GOOD
20,77,111,619,GOOD
17,59,253,164,GOOD
29,45,513,890,MODERATE
29,59,246,334,GOOD
21,51,264,570,GOOD
23,47,653,69,MODERATE
35,41,408,750,NOT GOOD
17,72,391,341,MODERATE
17,58,286,169,GOOD
15,66,915,94,MODERATE
31,72,652,209,NOT GOOD
15,54,305,537,GOOD
35,67,516,640,GOOD
35,57,224,328,GOOD
16,53,239,386,GOOD
16,73,81,910,NOT GOOD
22,67,183,314,GOOD
17,58,402,89,GOOD
23,60,175,107,GOOD
27,74,597,121,GOOD
33,68,981,276,MODERATE
30,40,640,337,MODERATE
23,54,543,306,GOOD
28,67,940,894,MODERATE
34,75,499,574,MODERATE
26,80,603,104,MODERATE
19,50,261,182,GOOD
29,62,288,977,GOOD
29,68,588,669,GOOD
21,42,626,305,MODERATE
19,47,820,352,NOT GOOD
18,63,196,565,GOOD
32,46,559,770,NOT GOOD
25,75,517,199,GOOD
34,70,877,189,MODERATE
20,79,541,938,MODERATE
33,41,76,555,MODERATE
21,72,637,64,MODERATE
28,47,230,291,GOOD
17,60,481,714,MODERATE
35,71,250,264,MODERATE
16,76,601,471,NOT GOOD
17,79,730,273,NOT GOOD
17,77,269,862,NOT GOOD
28,79,205,273,GOOD
31,46,904,646,NOT GOOD
15,43,428,844,NOT GOOD
24,80,130,552,MODERATE
29,79,502,753,MODERATE
17,49,579,465,MODERATE
21,71,869,765,NOT GOOD
18,54,176,915,MODERATE
29,52,741,673,GOOD
25,63,864,964,MODERATE
32,73,84,306,MODERATE
25,67,626,655,GOOD
33,61,339,942,MODERATE
15,75,77,103,MODERATE
30,78,379,762,MODERATE
18,72,1021,803,NOT GOOD
17,57,697,373,MODERATE
31,61,380,459,GOOD
32,71,545,63,MODERATE
25,75,712,282,MODERATE
22,74,740,469,MODERATE
21,40,931,294,MODERATE
32,55,848,918,NOT GOOD
19,54,117,776,MODERATE
28,70,116,786,GOOD
29,55,174,915,GOOD
28,73,548,152,GOOD
15,44,751,783,NOT GOOD
34,56,780,264,MODERATE
30,65,741,395,GOOD
19,58,893,430,MODERATE
35,80,938,475,NOT GOOD
30,80,694,370,MODERATE
26,73,521,503,GOOD
21,51,478,510,GOOD
